<?xml version="1.0" encoding="UTF-8"?>
<extension type="module" client="site" method="upgrade">
    <name>mod_youtube_playlist</name>
    <version>1.0.0</version>
    <description>MOD_YOUTUBE_PLAYLIST_DESC</description>
    <namespace path="src">ModYoutubePlaylist</namespace>
    <scriptfile>mod_youtube_playlist.php</scriptfile>

    <files>
        <filename module="mod_youtube_playlist">mod_youtube_playlist.php</filename>
        <folder>src</folder>
        <folder>tmpl</folder>
        <folder>services</folder>
        <folder>language</folder>
    </files>

     <languages>
        <language tag="pt-PT">language/pt-PT/mod_youtube_playlist.ini</language>
        <language tag="pt-PT">language/pt-PT/mod_youtube_playlist.sys.ini</language>
        <language tag="en-GB">language/en-GB/mod_youtube_playlist.ini</language>
        <language tag="en-GB">language/en-GB/mod_youtube_playlist.sys.ini</language>
    </languages>

    <config>
        <fields name="params">
            <fieldset name="basic">
                <field name="playlist_id" type="text" label="Playlist ID" required="true" />
                <field name="max_results" type="number" default="5" label="Máximo de vídeos" />
            </fieldset>
        </fields>
    </config>
</extension>
