<?xml version="1.0" encoding="utf-8"?>
<extension type="plugin" group="ajax" method="upgrade" version="5.0">
    <name>plg_ajax_youtube_playlist</name>
    <author>O Seu Nome</author>
    <version>1.0.0</version>
    <description>Plugin AJAX para recuperar vídeos de uma YouTube Playlist</description>
    <namespace path="src">Joomla\Plugin\Ajax\YoutubePlaylist</namespace>
    <services>
        <service src="services/provider.php" />
    </services>
    <files>
        <folder plugin="youtube_playlist">services</folder>
        <folder>src</folder>
    </files>

    <languages>
        <language tag="en-GB">language/en-GB/plg_ajax_youtube_playlist.ini</language>
        <language tag="en-GB">language/en-GB/plg_ajax_youtube_playlist.sys.ini</language>
    </languages>
</extension>
